domainId	domainCentre	domainColour	abbv	oboId	VFBid	name	
301	377.573,164.324,79.0452	0,0,44	mALT	FBbt_00003985		medial antennal lobe tract	
302	231.134,163.014,59.4772	0,0,123	AOT	FBbt_00100337		anterior optic tract	
303	315.342,282.915,84.5578	0,0,255	POC	FBbt_00007427		posterior optic tract	
304	403.326,234.279,72.9831	0,70,149	GC	FBbt_00007080		great commissure	
305	305.24,158.089,68.2272	0,79,255	mlALT	FBbt_00003984	VFB_00030853	mediolateral antennal lobe tract	
306	289.788,206.89,57.4928	0,88,0	lALT	FBbt_00003983	VFB_00030846	lateral antennal lobe tract	
307	283.902,125.615,56.3609	0,132,149	aSLPF	FBbt_00100339	VFB_00030839	anterior superior lateral protocerebrum fascicle	
308	450.37,198.084,56.2772	0,149,246	MBDL	FBbt_00003683	VFB_00030852	median bundle	
309	431.545,45.6334,81.2502	0,185,167	SFL				
310	446.035,108.169,61.2962	0,202,255	IFL				
311	364.123,98.233,77.0855	0,255,0	SFS	FBbt_00100349	VFB_00030862	superior fiber system	
312	359.651,271.97,57.0568	0,255,193	IFS	FBbt_00100350	VFB_00030844	inferior fiber system	
313	427.088,277.514,90.1682	9,62,79	IVLPC	FBbt_00100356	VFB_00030865	wedge commissure	
314	374.576,198.076,89.1618	9,149,0	MEF	FBbt_00100342	VFB_00030851	medial equatorial fascicle	
315	323.488,208.13,86.682	18,167,97	LEF	FBbt_00100343	VFB_00030848	lateral equatorial fascicle	
316	268.394,182.484,46.2075	35,35,9	vVLPF	FBbt_00100341	VFB_00030864	vertical ventrolateral protocerebral fascicle	
317	399.449,121.944,61.6778	44,0,79	SEC_sAVLPC	FBbt_00100354	VFB_00030861	superior ellipsoid commissure	
318	440.324,205.555,44.356	44,97,70	LALC	FBbt_00007074	VFB_00030845	lateral accessory lobe commissure	
319	416.484,370.744,90.9613	62,0,26	pCCF	FBbt_00100344	VFB_00030854	posterior cerebro-cervical fascicle	
320	433.916,415.889,96.5987	70,255,123	mCCF	FBbt_00100345	VFB_00030850	medial cerebro-cervical fascicle	
321	421.428,413.945,69.0701	79,35,0	aCCF	FBbt_00100346	VFB_00030836	anterior cerebro-cervical fascicle	
322	450.124,220.145,42.8145	106,0,193	iALC	FBbt_00100352	VFB_00030843	inferior antennal lobe commissure	
323	283.447,161.844,75.1895	114,97,62	PLF	FBbt_00007083	VFB_00030855	posterior lateral fascicle	
324	287.82,91.929,69.2617	114,97,123	PYF	FBbt_00100338	VFB_00030858	pyriform fascicle	
325	269.072,198.667,62.0887	114,246,255	tVLPF	FBbt_00100340	VFB_00030841	horizontal ventrolateral protocerebral fascicle	 ? t = ?
326	328.905,128.996,48.8175	123,26,106	TPT_tubercle_protocerebral_tract				?
327	368.889,402.347,67.3408	132,114,0	lCCF	FBbt_00100347	VFB_00030847	lateral cerebro-cervical fascicle	
328	393.166,361.756,34.4937	132,132,255	AST	FBbt_00007354	VFB_00030835	antenno-subesophageal tract	
329	442.491,246.288,56.0879	141,167,123	sVESC				?
330	394.655,133.03,90.9395	149,176,185	sPLPC	FBbt_00007077	VFB_00030863	superior posterior lateral protocerebrum commissure	
331	349.246,116.536,55.1361	149,211,79	LDHT_lateral_dorsal_horizontal_tract				?
332	425.917,51.5502,43.8069	158,0,0	AOTUC				?
333	297.071,109.271,93.6787	158,0,53	LHC_commissure_of_LHs				?
334	276.889,113.482,59.0691	158,79,70	LVF_lateral_vertical_fascicle_lat_teth				?
335	305.276,196.822,74.9646	158,106,185	tPLPF_transverse_PLP_fascicle				?
336	284.868,200.127,41.7269	158,193,255	hVLPF	FBbt_00100340	VFB_00030842	horizontal ventrolateral protocerebral fascicle	
337	319.645,261.336,54.066	167,88,9	sAMMCC	FBbt_00100357	VFB_00030859	superior AMMC commissure	
338	420.684,237.604,92.449	167,246,202	pPLPC	FBbt_00100355	VFB_00030857	posterior posteriolateral protocerebral commissure	
339	314.954,296.91,64.8118	176,176,9	IVLPF				?
340	372.908,163.407,80.4034	185,79,211	PVF_posterior_vertical_fascicle_post_vert_tr				
341	420.3,378.485,56.6084	211,18,255	iSADC				
342	418.576,323.509,60.4437	211,79,132	sSADC				
343	433.627,33.5619,55.1881	211,167,167	ADC_ant_dors_com	FBbt_00007072	VFB_00030837	anterior dorsal commissure	
344	449.092,133.946,46.7274	211,255,0	MLC				
345	452.823,186.311,41.9486	237,255,176	sALC	FBbt_00100351	VFB_00030860	superior antennal lobe commissure	
346	389.221,88.2168,62.5398	246,18,97	MIF_medial_intracerebral_fascicle				
347	412.946,97.8946,69.2526	246,132,9	pSMPF_smp_psl_teth				
348	388.945,77.1688,43.446	246,158,220	tMLF_transverse_ML_fasc				
349	444.89,182.781,49.8197	255,0,0	iEBC				
350	328.6,202.511,60.6021	255,26,185	VLP-ICLF				
351	414.771,77.5828,56.3137	255,123,97	DHF_dors_hor_fasc				
352	281.83,99.6813,86.5149	255,193,132	pSLPF_post_lat_teth				
353	393.947,390.191,34.2855	255,211,0	vMF_vertical_maxillary_fasc_SOG_max_teth				
354	403.622,407.567,44.9954	255,255,114	vLF_vertical_labial_fasc_SOG_lab_teth				